Time,Category,Item,Quantity,days,Cost,email_id,name,status,checkin,checkout
12-09-2024 23:12,rooms,family,1,1,6000,def@gmail.com,maha,booked,,
14-09-2024 11:14,facilities,Laundry,1,1,20,ghi@gmail.com,shalu,booked,,
14-09-2024 11:14,beverages,Tea,2,1,30,ghi@gmail.com,shalu,Checkedout,2024-09-18 18:58:57.886116,2024-09-18 18:59:21.814137
14-09-2024 11:14,others,Self-care,1,1,20,ghi@gmail.com,shalu,booked,,
2024-09-17 20:57:11,rooms,family,3,20,6000,def@gmail.com,maha,Checkedin,2024-09-17 21:08:38.973787,
2024-09-18 18:53:17,rooms,deluxe,2,1,4000,ghi@gmail.com,shalu,booked,,
2024-09-18 18:53:17,facilities,Gym,1,1,15,ghi@gmail.com,shalu,booked,,
2024-09-18 18:57:25,rooms,family,2,1,6000,def@gmail.com,maha,booked,,
2024-09-18 18:57:25,others,Self-care,1,1,20,def@gmail.com,maha,cancel,,
2024-09-18 18:57:25,beverages,Coffee,1,1,30,def@gmail.com,maha,booked,,
2024-09-18 18:58:20,rooms,suite,2,2,4500,def@gmail.com,maha,booked,,
2024-09-18 19:42:46,rooms,deluxe,2,1,4000,def@gmail.com,maha,booked,,
2024-09-18 19:42:46,beverages,Tea,1,1,30,def@gmail.com,maha,booked,,
